Sub_County,District,Region
Buikwe,Buikwe,Central Region
Buikwe Town Council,Buikwe,Central Region
Central Division,Buikwe,Central Region
KCCA,Buikwe,Central Region
Kawolo Division,Buikwe,Central Region
Lugazi Municipality,Buikwe,Central Region
Najja,Buikwe,Central Region
Najjembe Division,Buikwe,Central Region
Ngogwe,Buikwe,Central Region
Njeru Division,Buikwe,Central Region
Njeru Municipality,Buikwe,Central Region
Nkokonjeru Town Council,Buikwe,Central Region
Nyenga Division,Buikwe,Central Region
Ssi-Bukunja,Buikwe,Central Region
Wakisi Division,Buikwe,Central Region
Bigasa,Bukomansimbi,Central Region
Bukomansimbi,Bukomansimbi,Central Region
Bukomansimbi Town Council,Bukomansimbi,Central Region
Butenga,Bukomansimbi,Central Region
Kibinge,Bukomansimbi,Central Region
Kitanda,Bukomansimbi,Central Region
Budde,Butambala,Central Region
Bulo,Butambala,Central Region
Butambala,Butambala,Central Region
Gombe Town Council,Butambala,Central Region
Kalamba,Butambala,Central Region
Kibibi,Butambala,Central Region
Ngando,Butambala,Central Region
Bugaya,Buvuma,Central Region
Busamuzi,Buvuma,Central Region
Buvuma Island,Buvuma,Central Region
Buvuma Town Council,Buvuma,Central Region
Buwooya,Buvuma,Central Region
Bweema,Buvuma,Central Region
Lubya,Buvuma,Central Region
Lwajje,Buvuma,Central Region
Lyabaana,Buvuma,Central Region
Nairambi,Buvuma,Central Region
Gomba,Gomba,Central Region
Kabulasoke,Gomba,Central Region
Kanoni Town Council,Gomba,Central Region
Kyegonza,Gomba,Central Region
Maddu,Gomba,Central Region
Mpenja,Gomba,Central Region
Bubeke,Kalangala,Central Region
Bufumira,Kalangala,Central Region
Bujumba,Kalangala,Central Region
Kalangala Town Council,Kalangala,Central Region
Kyamuswa,Kalangala,Central Region
Mazinga,Kalangala,Central Region
Mugoye,Kalangala,Central Region
Bukulula,Kalungu,Central Region
Kalungu,Kalungu,Central Region
Kalungu Town Council,Kalungu,Central Region
Kyamulibwa,Kalungu,Central Region
Kyamulibwa Town Council,Kalungu,Central Region
Lukaya Town Council,Kalungu,Central Region
Lwabenge,Kalungu,Central Region
Central Division,Kampala,Central Region
KCCA,Kampala,Central Region
Kawempe Division,Kampala,Central Region
Makindye Division,Kampala,Central Region
Nakawa Division,Kampala,Central Region
Rubaga Division,Kampala,Central Region
Bukuya,Kassanda,Central Region
Kalwana,Kassanda,Central Region
Kassanda,Kassanda,Central Region
Kassanda Town Council,Kassanda,Central Region
Kiganda,Kassanda,Central Region
Kitumbi,Kassanda,Central Region
Makokoto,Kassanda,Central Region
Manyogaseka,Kassanda,Central Region
Myanzi,Kassanda,Central Region
Nalutuntu,Kassanda,Central Region
Bbaale,Kayunga,Central Region
Busaana,Kayunga,Central Region
Galiraya,Kayunga,Central Region
Kangulumira,Kayunga,Central Region
Kayonza,Kayunga,Central Region
Kayunga,Kayunga,Central Region
Kayunga Town Council,Kayunga,Central Region
Kitimbwa,Kayunga,Central Region
Nazigo,Kayunga,Central Region
Ntenjeru,Kayunga,Central Region
Bukomero,Kiboga,Central Region
Bukomero Town Council,Kiboga,Central Region
Ddwaniro,Kiboga,Central Region
Kapeke,Kiboga,Central Region
Kibiga,Kiboga,Central Region
Kiboga,Kiboga,Central Region
Kiboga Town Council,Kiboga,Central Region
Lwamata,Kiboga,Central Region
Lwamata Town Council,Kiboga,Central Region
Muwanga,Kiboga,Central Region
Bananywa,Kyankwanzi,Central Region
Banda,Kyankwanzi,Central Region
Butemba,Kyankwanzi,Central Region
Butemba Town Council,Kyankwanzi,Central Region
Byerima,Kyankwanzi,Central Region
Gayaza,Kyankwanzi,Central Region
Kiboga,Kyankwanzi,Central Region
Kyankwanzi,Kyankwanzi,Central Region
Kyankwanzi Town Council,Kyankwanzi,Central Region
Mulagi,Kyankwanzi,Central Region
Nkandwa,Kyankwanzi,Central Region
Nsambya,Kyankwanzi,Central Region
Ntwetwe,Kyankwanzi,Central Region
Ntwetwe Town Council,Kyankwanzi,Central Region
Wattuba,Kyankwanzi,Central Region
Kabira,Kyotera,Central Region
Kakuuto,Kyotera,Central Region
Kalisizo,Kyotera,Central Region
Kalisizo Town Council,Kyotera,Central Region
Kasaali Town Council,Kyotera,Central Region
Kasasa,Kyotera,Central Region
Kirumba,Kyotera,Central Region
Kyebe,Kyotera,Central Region
Kyotera,Kyotera,Central Region
Kyotera Town Council,Kyotera,Central Region
Lwankoni,Kyotera,Central Region
Nabigasa,Kyotera,Central Region
Nangoma,Kyotera,Central Region
Bamunanika,Luwero,Central Region
Bombo Town Council,Luwero,Central Region
Butuntumula,Luwero,Central Region
Kalagala,Luwero,Central Region
Kamira,Luwero,Central Region
Katikamu,Luwero,Central Region
Kikyusa,Luwero,Central Region
Luwero,Luwero,Central Region
Luwero Town Council,Luwero,Central Region
Makulubita,Luwero,Central Region
Nyimbwa,Luwero,Central Region
Wobulenzi Town Council,Luwero,Central Region
Zirobwe,Luwero,Central Region
Bukoto,Lwengo,Central Region
Kisekka,Lwengo,Central Region
Kkingo,Lwengo,Central Region
Kyazanga,Lwengo,Central Region
Kyazanga Town Council,Lwengo,Central Region
Lwengo,Lwengo,Central Region
Lwengo Town Council,Lwengo,Central Region
Malongo,Lwengo,Central Region
Ndagwe,Lwengo,Central Region
Kabula,Lyantonde,Central Region
Kaliiro,Lyantonde,Central Region
Kasagama,Lyantonde,Central Region
Kinuuka,Lyantonde,Central Region
Lyakajura,Lyantonde,Central Region
Lyantonde,Lyantonde,Central Region
Lyantonde Town Council,Lyantonde,Central Region
Mpumudde,Lyantonde,Central Region
Bukakata,Masaka,Central Region
Bukoto,Masaka,Central Region
Buwunga,Masaka,Central Region
Kabonera,Masaka,Central Region
Katwe-Butego Division,Masaka,Central Region
Kimaanya-Kyabakuza Division,Masaka,Central Region
Kyanamukaaka,Masaka,Central Region
Kyesiiga,Masaka,Central Region
Masaka Municipality,Masaka,Central Region
Mukungwe,Masaka,Central Region
Nyendo-Ssenyange Division,Masaka,Central Region
Bbanda,Mityana,Central Region
Bulera,Mityana,Central Region
Busimbi Division,Mityana,Central Region
Busujju,Mityana,Central Region
Busunju Town Council,Mityana,Central Region
Butayunja,Mityana,Central Region
Central Division,Mityana,Central Region
KCCA,Mityana,Central Region
Kakindu,Mityana,Central Region
Kalangaalo,Mityana,Central Region
Kikandwa,Mityana,Central Region
Maanyi,Mityana,Central Region
Malangala,Mityana,Central Region
Mityana,Mityana,Central Region
Mityana Municipality,Mityana,Central Region
Namungo,Mityana,Central Region
Ssekanyonyi,Mityana,Central Region
Ttamu Division,Mityana,Central Region
Buwama,Mpigi,Central Region
Kammengo,Mpigi,Central Region
Kiringente,Mpigi,Central Region
Kituntu,Mpigi,Central Region
Mawokota,Mpigi,Central Region
Mpigi Town Council,Mpigi,Central Region
Muduuma,Mpigi,Central Region
Nkozi,Mpigi,Central Region
Bagezza,Mubende,Central Region
Butoloogo,Mubende,Central Region
Buwekula,Mubende,Central Region
Eastern Division,Mubende,Central Region
Kasambya,Mubende,Central Region
Kasambya Town Council,Mubende,Central Region
Kibalinga,Mubende,Central Region
Kigando,Mubende,Central Region
Kitenga,Mubende,Central Region
Kiyuni,Mubende,Central Region
Madudu,Mubende,Central Region
Mubende Municipality,Mubende,Central Region
Nabingoola,Mubende,Central Region
Southern Division,Mubende,Central Region
Western Division,Mubende,Central Region
Central Division,Mukono,Central Region
Goma Division,Mukono,Central Region
KCCA,Mukono,Central Region
Kasawo,Mukono,Central Region
Kimenyedde,Mukono,Central Region
Koome Island,Mukono,Central Region
Kyampisi,Mukono,Central Region
Mpatta,Mukono,Central Region
Mpunge,Mukono,Central Region
Mukono,Mukono,Central Region
Mukono Municipality,Mukono,Central Region
Nabbaale,Mukono,Central Region
Nagojje,Mukono,Central Region
Nakifuma,Mukono,Central Region
Nakisunga,Mukono,Central Region
Nama,Mukono,Central Region
Ntenjeru,Mukono,Central Region
Ntunda,Mukono,Central Region
Seeta Namuganga,Mukono,Central Region
Butalangu Town Council,Nakaseke,Central Region
Kapeeka,Nakaseke,Central Region
Kasangombe,Nakaseke,Central Region
Kikamulo,Nakaseke,Central Region
Kinoni,Nakaseke,Central Region
Kinyogoga,Nakaseke,Central Region
Kito,Nakaseke,Central Region
Kiwoko Town Council,Nakaseke,Central Region
Nakaseke,Nakaseke,Central Region
Nakaseke Town Council,Nakaseke,Central Region
Ngoma,Nakaseke,Central Region
Ngoma Town Council,Nakaseke,Central Region
Semuto,Nakaseke,Central Region
Semuto Town Council,Nakaseke,Central Region
Wakyato,Nakaseke,Central Region
Buruli,Nakasongola,Central Region
Kakooge,Nakasongola,Central Region
Kakooge Town Council,Nakasongola,Central Region
Kalongo,Nakasongola,Central Region
Kalungi,Nakasongola,Central Region
Lwabiyata,Nakasongola,Central Region
Lwampanga,Nakasongola,Central Region
Migeera Town Council,Nakasongola,Central Region
Nabisweera,Nakasongola,Central Region
Nakasongola Town Council,Nakasongola,Central Region
Nakitoma,Nakasongola,Central Region
Wabinyonyi,Nakasongola,Central Region
Byakabanda,Rakai,Central Region
Ddwaniro,Rakai,Central Region
Kacheera,Rakai,Central Region
Kagamba,Rakai,Central Region
Kibanda,Rakai,Central Region
Kifamba,Rakai,Central Region
Kiziba,Rakai,Central Region
Kooki,Rakai,Central Region
Kyalulangira,Rakai,Central Region
Lwamaggwa,Rakai,Central Region
Lwanda,Rakai,Central Region
Rakai Town Council,Rakai,Central Region
Lugusulu,Ssembabule,Central Region
Lwebitakuli,Ssembabule,Central Region
Lwemiyaga,Ssembabule,Central Region
Mateete,Ssembabule,Central Region
Mateete Town Council,Ssembabule,Central Region
Mawogola,Ssembabule,Central Region
Mijwala,Ssembabule,Central Region
Ntuusi,Ssembabule,Central Region
Sembabule Town Council,Ssembabule,Central Region
Bunamwaya Division,Wakiso,Central Region
Busiro,Wakiso,Central Region
Bussi,Wakiso,Central Region
Busukuma Division,Wakiso,Central Region
Bweyogerere Division,Wakiso,Central Region
Division A,Wakiso,Central Region
Division B,Wakiso,Central Region
Entebbe Municipality,Wakiso,Central Region
Gombe Division,Wakiso,Central Region
Kajjansi Town Council,Wakiso,Central Region
Kakiri,Wakiso,Central Region
Kakiri Town Council,Wakiso,Central Region
Kasangati Town Council,Wakiso,Central Region
Kasanje,Wakiso,Central Region
Katabi Town Council,Wakiso,Central Region
Kira Division,Wakiso,Central Region
Kira Municipality,Wakiso,Central Region
Kyadondo,Wakiso,Central Region
Kyengera Town Council,Wakiso,Central Region
Makindye Ssabagabo Municipality,Wakiso,Central Region
Masajja Division,Wakiso,Central Region
Masuliita,Wakiso,Central Region
Masulita Town Council,Wakiso,Central Region
Mende,Wakiso,Central Region
Nabweru Division,Wakiso,Central Region
Namayumba,Wakiso,Central Region
Namayumba Town Council,Wakiso,Central Region
Namugongo Division,Wakiso,Central Region
Nansana Division,Wakiso,Central Region
Nansana Municipality,Wakiso,Central Region
Ndejje Division,Wakiso,Central Region
Wakiso,Wakiso,Central Region
Wakiso Town Council,Wakiso,Central Region
Abarilela,Amuria,Eastern Region
Akeriau,Amuria,Eastern Region
Amuria,Amuria,Eastern Region
Amuria Town Council,Amuria,Eastern Region
Apeduru,Amuria,Eastern Region
Asamuk,Amuria,Eastern Region
Kuju,Amuria,Eastern Region
Morungatuny,Amuria,Eastern Region
Ogolai,Amuria,Eastern Region
Orungo,Amuria,Eastern Region
Wera,Amuria,Eastern Region
Willa,Amuria,Eastern Region
Budaka,Budaka,Eastern Region
Budaka Town Council,Budaka,Eastern Region
Iki-Iki,Budaka,Eastern Region
Kachomo,Budaka,Eastern Region
Kaderuna,Budaka,Eastern Region
Kakule,Budaka,Eastern Region
Kameruka,Budaka,Eastern Region
Kamonkoli,Budaka,Eastern Region
Katiira,Budaka,Eastern Region
Lyama,Budaka,Eastern Region
Mugiti,Budaka,Eastern Region
Naboa,Budaka,Eastern Region
Nansanga,Budaka,Eastern Region
Bubiita,Bududa,Eastern Region
Bududa,Bududa,Eastern Region
Bududa Town Council,Bududa,Eastern Region
Bukalasi,Bududa,Eastern Region
Bukibokolo,Bududa,Eastern Region
Bukigai,Bududa,Eastern Region
Bulucheke,Bududa,Eastern Region
Bumasheti,Bududa,Eastern Region
Bumayoka,Bududa,Eastern Region
Bushika,Bududa,Eastern Region
Bushiribo,Bududa,Eastern Region
Bushiyi,Bududa,Eastern Region
Buwali,Bududa,Eastern Region
Manjiya,Bududa,Eastern Region
Nabweya,Bududa,Eastern Region
Nakatsi,Bududa,Eastern Region
Nalwanza,Bududa,Eastern Region
Nangako Town Council,Bududa,Eastern Region
Budhaya,Bugiri,Eastern Region
Bugiri Municipality,Bugiri,Eastern Region
Bukooli,Bugiri,Eastern Region
Bulesa,Bugiri,Eastern Region
Bulidha,Bugiri,Eastern Region
Buluguyi,Bugiri,Eastern Region
Buwunga,Bugiri,Eastern Region
Eastern Division,Bugiri,Eastern Region
Iwemba,Bugiri,Eastern Region
Kapyanga,Bugiri,Eastern Region
Muterere,Bugiri,Eastern Region
Nabukalu,Bugiri,Eastern Region
Nankoma,Bugiri,Eastern Region
Western Division,Bugiri,Eastern Region
Bugweri,Bugweri,Eastern Region
Bugweri Town Council,Bugweri,Eastern Region
Busembatia Town Council,Bugweri,Eastern Region
Buyanga,Bugweri,Eastern Region
Ibulanku,Bugweri,Eastern Region
Igombe,Bugweri,Eastern Region
Makuutu,Bugweri,Eastern Region
Namalemba,Bugweri,Eastern Region
Bukedea,Bukedea,Eastern Region
Bukedea Town Council,Bukedea,Eastern Region
Kachumbala,Bukedea,Eastern Region
Kidongole,Bukedea,Eastern Region
Kolir,Bukedea,Eastern Region
Malera,Bukedea,Eastern Region
Bukwo,Bukwo,Eastern Region
Bukwo Town Council,Bukwo,Eastern Region
Chepkwasta,Bukwo,Eastern Region
Chesower,Bukwo,Eastern Region
Kabei,Bukwo,Eastern Region
Kamet,Bukwo,Eastern Region
Kaptererwo,Bukwo,Eastern Region
Kongasis,Bukwo,Eastern Region
Kortek,Bukwo,Eastern Region
Riwo,Bukwo,Eastern Region
Senendet,Bukwo,Eastern Region
Suam,Bukwo,Eastern Region
Tulel,Bukwo,Eastern Region
Buginyanya,Bulambuli,Eastern Region
Bukhalu,Bulambuli,Eastern Region
Bulaago,Bulambuli,Eastern Region
Bulambuli,Bulambuli,Eastern Region
Bulambuli Town Council,Bulambuli,Eastern Region
Bulegeni,Bulambuli,Eastern Region
Bulegeni Town Council,Bulambuli,Eastern Region
Buluganya,Bulambuli,Eastern Region
Bumasobo,Bulambuli,Eastern Region
Bumugibole,Bulambuli,Eastern Region
Bunambutye,Bulambuli,Eastern Region
Buyaga Town Council,Bulambuli,Eastern Region
Bwikhonge,Bulambuli,Eastern Region
Kamu,Bulambuli,Eastern Region
Lusha,Bulambuli,Eastern Region
Masiira,Bulambuli,Eastern Region
Muyembe,Bulambuli,Eastern Region
Nabbongo,Bulambuli,Eastern Region
Namisuni,Bulambuli,Eastern Region
Simu,Bulambuli,Eastern Region
Sisiyi,Bulambuli,Eastern Region
Buhehe,Busia,Eastern Region
Bulumbi,Busia,Eastern Region
Busia Municipality,Busia,Eastern Region
Busime,Busia,Eastern Region
Busitema,Busia,Eastern Region
Buteba,Busia,Eastern Region
Buyanga,Busia,Eastern Region
Dabani,Busia,Eastern Region
Eastern Division,Busia,Eastern Region
Lumino,Busia,Eastern Region
Lunyo,Busia,Eastern Region
Majanji,Busia,Eastern Region
Masaba,Busia,Eastern Region
Masafu,Busia,Eastern Region
Masinya,Busia,Eastern Region
Samia-Bugwe,Busia,Eastern Region
Sikuda,Busia,Eastern Region
Western Division,Busia,Eastern Region
Budumba,Butaleja,Eastern Region
Bunyole,Butaleja,Eastern Region
Busaba,Butaleja,Eastern Region
Busabi,Butaleja,Eastern Region
Busolwe,Butaleja,Eastern Region
Busolwe Town Council,Butaleja,Eastern Region
Butaleja,Butaleja,Eastern Region
Butaleja Town Council,Butaleja,Eastern Region
Himutu,Butaleja,Eastern Region
Kachonga,Butaleja,Eastern Region
Mazimasa,Butaleja,Eastern Region
Nawanjofu,Butaleja,Eastern Region
Naweyo,Butaleja,Eastern Region
Butebo,Butebo,Eastern Region
Butebo Town Council,Butebo,Eastern Region
Kabwangasi,Butebo,Eastern Region
Kakoro,Butebo,Eastern Region
Kanginima,Butebo,Eastern Region
Petete,Butebo,Eastern Region
Budiope,Buyende,Eastern Region
Bugaya,Buyende,Eastern Region
Buyende,Buyende,Eastern Region
Buyende Town Council,Buyende,Eastern Region
Kagulu,Buyende,Eastern Region
Kidera,Buyende,Eastern Region
Nkondo,Buyende,Eastern Region
Bulamogi,Iganga,Eastern Region
Central Division,Iganga,Eastern Region
Iganga Municipality,Iganga,Eastern Region
Kigulu,Iganga,Eastern Region
Nabitende,Iganga,Eastern Region
Nakalama,Iganga,Eastern Region
Nakigo,Iganga,Eastern Region
Nambale,Iganga,Eastern Region
Namungalwe,Iganga,Eastern Region
Nawandala,Iganga,Eastern Region
Nawanyingi,Iganga,Eastern Region
Northern Division,Iganga,Eastern Region
Budondo,Jinja,Eastern Region
Bugembe Town Council,Jinja,Eastern Region
Busedde,Jinja,Eastern Region
Butagaya,Jinja,Eastern Region
Butembe,Jinja,Eastern Region
Buwenge,Jinja,Eastern Region
Buwenge Town Council,Jinja,Eastern Region
Buyengo,Jinja,Eastern Region
Central Division,Jinja,Eastern Region
Jinja Municipality,Jinja,Eastern Region
Kagoma,Jinja,Eastern Region
Kakira Town Council,Jinja,Eastern Region
Mafubira,Jinja,Eastern Region
Masese Walukuba,Jinja,Eastern Region
Mpumudde Division,Jinja,Eastern Region
Alwa,Kaberamaido,Eastern Region
Aperkira,Kaberamaido,Eastern Region
Kaberamaido,Kaberamaido,Eastern Region
Kaberamaido Town Council,Kaberamaido,Eastern Region
Kobulubulu,Kaberamaido,Eastern Region
Ochero,Kaberamaido,Eastern Region
Anyara,Kalaki,Eastern Region
Apapai,Kalaki,Eastern Region
Bululu,Kalaki,Eastern Region
Kakure,Kalaki,Eastern Region
Kalaki,Kalaki,Eastern Region
Kalaki Town Council,Kalaki,Eastern Region
Otuboi,Kalaki,Eastern Region
Budomero,Kaliro,Eastern Region
Bukamba,Kaliro,Eastern Region
Bulamogi,Kaliro,Eastern Region
Bumanya,Kaliro,Eastern Region
Buyinda,Kaliro,Eastern Region
Gadumire,Kaliro,Eastern Region
Kaliro Town Council,Kaliro,Eastern Region
Kasokwe,Kaliro,Eastern Region
Kisinda,Kaliro,Eastern Region
Namugongo,Kaliro,Eastern Region
Namwiwa,Kaliro,Eastern Region
Nansololo,Kaliro,Eastern Region
Nawaikoke,Kaliro,Eastern Region
Balawoli,Kamuli,Eastern Region
Bugabula,Kamuli,Eastern Region
Bugulumbya,Kamuli,Eastern Region
Bulopa,Kamuli,Eastern Region
Butansi,Kamuli,Eastern Region
Buzaaya,Kamuli,Eastern Region
Kagumba,Kamuli,Eastern Region
Kamuli Municipality,Kamuli,Eastern Region
Kisozi,Kamuli,Eastern Region
Kitayunjwa,Kamuli,Eastern Region
Magogo,Kamuli,Eastern Region
Mbulamuti,Kamuli,Eastern Region
Nabwigulu,Kamuli,Eastern Region
Namasagali,Kamuli,Eastern Region
Namwendwa,Kamuli,Eastern Region
Nawanyago,Kamuli,Eastern Region
Northern Division,Kamuli,Eastern Region
Southern Division,Kamuli,Eastern Region
Wankole,Kamuli,Eastern Region
Amukol,Kapchorwa,Eastern Region
Central Division,Kapchorwa,Eastern Region
Chema,Kapchorwa,Eastern Region
Chepterech,Kapchorwa,Eastern Region
Eastern Division,Kapchorwa,Eastern Region
Gamogo,Kapchorwa,Eastern Region
Kabeywa,Kapchorwa,Eastern Region
Kapchorwa Municipality,Kapchorwa,Eastern Region
Kapsinda,Kapchorwa,Eastern Region
Kaptanya,Kapchorwa,Eastern Region
Kaserem,Kapchorwa,Eastern Region
Kawowo,Kapchorwa,Eastern Region
Munarya,Kapchorwa,Eastern Region
Sipi,Kapchorwa,Eastern Region
Tingey,Kapchorwa,Eastern Region
Western Division,Kapchorwa,Eastern Region
Acowa,Kapelebyong,Eastern Region
Akoromit,Kapelebyong,Eastern Region
Kapelebyong,Kapelebyong,Eastern Region
Kapelebyong Town Council,Kapelebyong,Eastern Region
Obalanga,Kapelebyong,Eastern Region
Okungur,Kapelebyong,Eastern Region
Kapujan,Katakwi,Eastern Region
Katakwi,Katakwi,Eastern Region
Katakwi Town Council,Katakwi,Eastern Region
Magoro,Katakwi,Eastern Region
Ngariam,Katakwi,Eastern Region
Omodoi,Katakwi,Eastern Region
Ongongoja,Katakwi,Eastern Region
Palam,Katakwi,Eastern Region
Toroma,Katakwi,Eastern Region
Usuk,Katakwi,Eastern Region
Bulangira,Kibuku,Eastern Region
Buseta,Kibuku,Eastern Region
Goli Goli,Kibuku,Eastern Region
Kabweri,Kibuku,Eastern Region
Kadama,Kibuku,Eastern Region
Kagumu,Kibuku,Eastern Region
Kakutu,Kibuku,Eastern Region
Kasasira,Kibuku,Eastern Region
Kibuku,Kibuku,Eastern Region
Kibuku Town Council,Kibuku,Eastern Region
Kirika,Kibuku,Eastern Region
Kituti,Kibuku,Eastern Region
Lwamata,Kibuku,Eastern Region
Nabiswa,Kibuku,Eastern Region
Nandere,Kibuku,Eastern Region
Nankondo,Kibuku,Eastern Region
Tirinyi,Kibuku,Eastern Region
Atutur,Kumi,Eastern Region
Kanyum,Kumi,Eastern Region
Kumi,Kumi,Eastern Region
Kumi Municipality,Kumi,Eastern Region
Mukongoro,Kumi,Eastern Region
Northern Divison,Kumi,Eastern Region
Nyero,Kumi,Eastern Region
Ongino,Kumi,Eastern Region
Southern Division,Kumi,Eastern Region
Benet,Kween,Eastern Region
Binyiny,Kween,Eastern Region
Binyiny Town Council,Kween,Eastern Region
Kaproron,Kween,Eastern Region
Kaproron Town Council,Kween,Eastern Region
Kaptoyoy,Kween,Eastern Region
Kaptum,Kween,Eastern Region
Kiriki,Kween,Eastern Region
Kitawoi,Kween,Eastern Region
Kwanyiy,Kween,Eastern Region
Kween,Kween,Eastern Region
Kwosir,Kween,Eastern Region
Moyok,Kween,Eastern Region
Ngenge,Kween,Eastern Region
Bukanga,Luuka,Eastern Region
Bukooma,Luuka,Eastern Region
Bulongo,Luuka,Eastern Region
Ikumbya,Luuka,Eastern Region
Irongo,Luuka,Eastern Region
Luuka,Luuka,Eastern Region
Luuka Town Council,Luuka,Eastern Region
Nawampiti,Luuka,Eastern Region
Waibuga,Luuka,Eastern Region
Bubulo,Manafwa,Eastern Region
Bugobero,Manafwa,Eastern Region
Bukhofu,Manafwa,Eastern Region
Bukusu,Manafwa,Eastern Region
Bunabwana,Manafwa,Eastern Region
Bunyinza Town Council,Manafwa,Eastern Region
Busukuya,Manafwa,Eastern Region
Butiru,Manafwa,Eastern Region
Butta,Manafwa,Eastern Region
Buwagogo,Manafwa,Eastern Region
Buwangani Town Council,Manafwa,Eastern Region
Kaato,Manafwa,Eastern Region
Khabutoola,Manafwa,Eastern Region
Manafwa Town Council,Manafwa,Eastern Region
Nalondo,Manafwa,Eastern Region
Sibanga,Manafwa,Eastern Region
Sisuni,Manafwa,Eastern Region
Weswa,Manafwa,Eastern Region
Baitambogwe,Mayuge,Eastern Region
Bukabooli,Mayuge,Eastern Region
Bukatube,Mayuge,Eastern Region
Bunya,Mayuge,Eastern Region
Busakira,Mayuge,Eastern Region
Buwaaya,Mayuge,Eastern Region
Imanyiro,Mayuge,Eastern Region
Jaguzi,Mayuge,Eastern Region
Kigandalo,Mayuge,Eastern Region
Kityerera,Mayuge,Eastern Region
Magamaga Town Council,Mayuge,Eastern Region
Malongo,Mayuge,Eastern Region
Mayuge Town Council,Mayuge,Eastern Region
Mpungwe,Mayuge,Eastern Region
Wairasa,Mayuge,Eastern Region
Bubyangu,Mbale,Eastern Region
Budwale,Mbale,Eastern Region
Bufumbo,Mbale,Eastern Region
Bukasakya,Mbale,Eastern Region
Bukiende,Mbale,Eastern Region
Bukonde,Mbale,Eastern Region
Bumasikye,Mbale,Eastern Region
Bumbobi,Mbale,Eastern Region
Bungokho,Mbale,Eastern Region
Bungokho Mutoto,Mbale,Eastern Region
Busano,Mbale,Eastern Region
Busiu,Mbale,Eastern Region
Busiu Town Council,Mbale,Eastern Region
Busoba,Mbale,Eastern Region
Industrial Divison,Mbale,Eastern Region
Lukhonge,Mbale,Eastern Region
Lwasso,Mbale,Eastern Region
Mbale Municipality,Mbale,Eastern Region
Nabumali Town Council,Mbale,Eastern Region
Nakaloke,Mbale,Eastern Region
Nakaloke Town Council,Mbale,Eastern Region
Namambasa,Mbale,Eastern Region
Namanyonyi,Mbale,Eastern Region
Nawuyo Town Council,Mbale,Eastern Region
Northern Division,Mbale,Eastern Region
Nyondo,Mbale,Eastern Region
Wanale,Mbale,Eastern Region
Wanale Division,Mbale,Eastern Region
Banda,Namayingo,Eastern Region
Buhemba,Namayingo,Eastern Region
Bukana,Namayingo,Eastern Region
Bukooli,Namayingo,Eastern Region
Buswale,Namayingo,Eastern Region
Buyinja,Namayingo,Eastern Region
Lolwe,Namayingo,Eastern Region
Mutumba,Namayingo,Eastern Region
Namayingo Town Council,Namayingo,Eastern Region
Sigulu Island,Namayingo,Eastern Region
Bubulo,Namisindwa,Eastern Region
Bubutu,Namisindwa,Eastern Region
Bukhabusi,Namisindwa,Eastern Region
Bukhaweka,Namisindwa,Eastern Region
Bukiabi,Namisindwa,Eastern Region
Bukokho,Namisindwa,Eastern Region
Bumbo,Namisindwa,Eastern Region
Bumwoni,Namisindwa,Eastern Region
Bupoto,Namisindwa,Eastern Region
Buwabwala,Namisindwa,Eastern Region
Lwakhakha Town Council,Namisindwa,Eastern Region
Magale,Namisindwa,Eastern Region
Magale Town Council,Namisindwa,Eastern Region
Mukoto,Namisindwa,Eastern Region
Namabya,Namisindwa,Eastern Region
Namboko,Namisindwa,Eastern Region
Namisindwa Town Council,Namisindwa,Eastern Region
Tsekululu,Namisindwa,Eastern Region
Bulange,Namutumba,Eastern Region
Busiki,Namutumba,Eastern Region
Ivukula,Namutumba,Eastern Region
Kibaale,Namutumba,Eastern Region
Magada,Namutumba,Eastern Region
Mazuba,Namutumba,Eastern Region
Nabweyo,Namutumba,Eastern Region
Namutumba,Namutumba,Eastern Region
Namutumba Town Council,Namutumba,Eastern Region
Nangonde,Namutumba,Eastern Region
Nsinze,Namutumba,Eastern Region
Kapir,Ngora,Eastern Region
Kobwin,Ngora,Eastern Region
Mukura,Ngora,Eastern Region
Ngora,Ngora,Eastern Region
Ngora Town Council,Ngora,Eastern Region
Agule,Pallisa,Eastern Region
Akisim,Pallisa,Eastern Region
Apopong,Pallisa,Eastern Region
Butebo,Pallisa,Eastern Region
Chelekura,Pallisa,Eastern Region
Gogonyo,Pallisa,Eastern Region
Kameke,Pallisa,Eastern Region
Kamuge,Pallisa,Eastern Region
Kasodo,Pallisa,Eastern Region
Kibale,Pallisa,Eastern Region
Olok,Pallisa,Eastern Region
Opwateta,Pallisa,Eastern Region
Pallisa,Pallisa,Eastern Region
Pallisa Town Council,Pallisa,Eastern Region
Puti-Puti,Pallisa,Eastern Region
Atiira,Serere,Eastern Region
Bugondo,Serere,Eastern Region
Kadungulu,Serere,Eastern Region
Kadungulu Town Council,Serere,Eastern Region
Kasilo,Serere,Eastern Region
Kasilo Town Council,Serere,Eastern Region
Kateta,Serere,Eastern Region
Kidetok Town Council,Serere,Eastern Region
Kyere,Serere,Eastern Region
Labori,Serere,Eastern Region
Olio,Serere,Eastern Region
Pingire,Serere,Eastern Region
Serere,Serere,Eastern Region
Serere Town Council,Serere,Eastern Region
Budadiri,Sironko,Eastern Region
Budadiri Town Council,Sironko,Eastern Region
Bugitimwa,Sironko,Eastern Region
Buhugu,Sironko,Eastern Region
Bukhulo,Sironko,Eastern Region
Bukiise,Sironko,Eastern Region
Bukiyi,Sironko,Eastern Region
Bukyabo,Sironko,Eastern Region
Bukyambi,Sironko,Eastern Region
Bumalimba,Sironko,Eastern Region
Bumasifwa,Sironko,Eastern Region
Bunyafa,Sironko,Eastern Region
Busulani,Sironko,Eastern Region
Butandiga,Sironko,Eastern Region
Buteza,Sironko,Eastern Region
Buwalasi,Sironko,Eastern Region
Buwasa,Sironko,Eastern Region
Buyobo,Sironko,Eastern Region
Masaba,Sironko,Eastern Region
Nalusala,Sironko,Eastern Region
Sironko Town Council,Sironko,Eastern Region
Zesui,Sironko,Eastern Region
Arapai,Soroti,Eastern Region
Asuret,Soroti,Eastern Region
Eastern Division,Soroti,Eastern Region
Gweri,Soroti,Eastern Region
Kamuda,Soroti,Eastern Region
Katine,Soroti,Eastern Region
Northern Division,Soroti,Eastern Region
Soroti,Soroti,Eastern Region
Soroti Municipality,Soroti,Eastern Region
Tubur,Soroti,Eastern Region
Western Division,Soroti,Eastern Region
Eastern Division,Tororo,Eastern Region
Iyolwa,Tororo,Eastern Region
Kirewa,Tororo,Eastern Region
Kisoko,Tororo,Eastern Region
Kwapa,Tororo,Eastern Region
Magola,Tororo,Eastern Region
Malaba Town Council,Tororo,Eastern Region
Mella,Tororo,Eastern Region
Merikit,Tororo,Eastern Region
Molo,Tororo,Eastern Region
Mukuju,Tororo,Eastern Region
Mulanda,Tororo,Eastern Region
Nabuyoga,Tororo,Eastern Region
Nagongera,Tororo,Eastern Region
Nagongera Town Council,Tororo,Eastern Region
Osukuru,Tororo,Eastern Region
Paya,Tororo,Eastern Region
Petta,Tororo,Eastern Region
Rubongi,Tororo,Eastern Region
Sop-Sop,Tororo,Eastern Region
Tororo,Tororo,Eastern Region
Tororo Municipality,Tororo,Eastern Region
West Budama (Kisolo),Tororo,Eastern Region
Western Division,Tororo,Eastern Region
Abim,Abim,Northern Region
Abim Town Council,Abim,Northern Region
Alerek,Abim,Northern Region
Awach,Abim,Northern Region
Labwor,Abim,Northern Region
Lotukei,Abim,Northern Region
Magamaga,Abim,Northern Region
Morulem,Abim,Northern Region
Nyakwae,Abim,Northern Region
Adjumani Town Council,Adjumani,Northern Region
Adropi,Adjumani,Northern Region
Arinyapi,Adjumani,Northern Region
Ciforo,Adjumani,Northern Region
Dzaipi,Adjumani,Northern Region
East Moyo,Adjumani,Northern Region
Itirikwa,Adjumani,Northern Region
Ofua,Adjumani,Northern Region
Pacara,Adjumani,Northern Region
Pakele,Adjumani,Northern Region
Ukusijoni,Adjumani,Northern Region
Adilang,Agago,Northern Region
Agago,Agago,Northern Region
Agago Town Council,Agago,Northern Region
Arum,Agago,Northern Region
Kalongo Town Council,Agago,Northern Region
Kotomol,Agago,Northern Region
Lamiyo,Agago,Northern Region
Lapono,Agago,Northern Region
Lira Palwo,Agago,Northern Region
Lokole,Agago,Northern Region
Omiya Pacwa,Agago,Northern Region
Omot,Agago,Northern Region
Paimol,Agago,Northern Region
Parabongo,Agago,Northern Region
Patongo,Agago,Northern Region
Patongo Town Council,Agago,Northern Region
Wol,Agago,Northern Region
Abako,Alebtong,Northern Region
Abia,Alebtong,Northern Region
Akura,Alebtong,Northern Region
Alebtong Town Council,Alebtong,Northern Region
Aloi,Alebtong,Northern Region
Amugu,Alebtong,Northern Region
Apala,Alebtong,Northern Region
Awei,Alebtong,Northern Region
Moroto,Alebtong,Northern Region
Omoro,Alebtong,Northern Region
Agikdak,Amolatar,Northern Region
Agwingiri,Amolatar,Northern Region
Akwon,Amolatar,Northern Region
Amolatar Town Council,Amolatar,Northern Region
Aputi,Amolatar,Northern Region
Arwotcek,Amolatar,Northern Region
Awelo,Amolatar,Northern Region
Etam,Amolatar,Northern Region
Kioga,Amolatar,Northern Region
Muntu,Amolatar,Northern Region
Namasale,Amolatar,Northern Region
Namasale Town Council,Amolatar,Northern Region
Amudat,Amudat,Northern Region
Amudat Town Council,Amudat,Northern Region
Karita,Amudat,Northern Region
Loroo,Amudat,Northern Region
Pokot,Amudat,Northern Region
Amuru,Amuru,Northern Region
Amuru Town Council,Amuru,Northern Region
Attiak,Amuru,Northern Region
Kilak,Amuru,Northern Region
Lamogi,Amuru,Northern Region
Pabo,Amuru,Northern Region
Agulu Division,Apac,Northern Region
Akere Division,Apac,Northern Region
Akokoro,Apac,Northern Region
Apac,Apac,Northern Region
Apac Municipality,Apac,Northern Region
Arocha Division,Apac,Northern Region
Atik Division,Apac,Northern Region
Chegere,Apac,Northern Region
Ibuje,Apac,Northern Region
Maruzi,Apac,Northern Region
Adumi,Arua,Northern Region
Aii-Vu,Arua,Northern Region
Ajia,Arua,Northern Region
Arivu,Arua,Northern Region
Aroi,Arua,Northern Region
Arua Hill Division,Arua,Northern Region
Arua Municipality,Arua,Northern Region
Ayivu,Arua,Northern Region
Ayivuni,Arua,Northern Region
Bileafe,Arua,Northern Region
Dadamu,Arua,Northern Region
Katrini,Arua,Northern Region
Logiri,Arua,Northern Region
Manibe,Arua,Northern Region
Odupi,Arua,Northern Region
Oluko,Arua,Northern Region
Omugo,Arua,Northern Region
Pajulu,Arua,Northern Region
River Oli Division,Arua,Northern Region
Terego,Arua,Northern Region
Uriama,Arua,Northern Region
Vurra,Arua,Northern Region
Adeknino,Dokolo,Northern Region
Adok,Dokolo,Northern Region
Agwata,Dokolo,Northern Region
Amwoma,Dokolo,Northern Region
Batta,Dokolo,Northern Region
Dokolo,Dokolo,Northern Region
Dokolo Tc,Dokolo,Northern Region
Kangai,Dokolo,Northern Region
Kwera,Dokolo,Northern Region
Okwalongwen,Dokolo,Northern Region
Okwongodul,Dokolo,Northern Region
Aswa,Gulu,Northern Region
Awach,Gulu,Northern Region
Bar Dege Division,Gulu,Northern Region
Bungatira,Gulu,Northern Region
Gulu Municipality,Gulu,Northern Region
Laroo Division,Gulu,Northern Region
Layibi Division,Gulu,Northern Region
Paicho,Gulu,Northern Region
Palaro,Gulu,Northern Region
Patiko,Gulu,Northern Region
Pece Division,Gulu,Northern Region
Unyama,Gulu,Northern Region
Dodoth,Kaabong,Northern Region
Kaabong East,Kaabong,Northern Region
Kaabong Town Council,Kaabong,Northern Region
Kaabong West,Kaabong,Northern Region
Kakamar,Kaabong,Northern Region
Kalapata,Kaabong,Northern Region
Kamion,Kaabong,Northern Region
Kathile,Kaabong,Northern Region
Kathile South,Kaabong,Northern Region
Lodiko,Kaabong,Northern Region
Lolelia,Kaabong,Northern Region
Lotim,Kaabong,Northern Region
Loyoro,Kaabong,Northern Region
Sidok,Kaabong,Northern Region
Dodoth,Karenga,Northern Region
Kapedo,Karenga,Northern Region
Karenga Town Council,Karenga,Northern Region
Kawalakol,Karenga,Northern Region
Lobalangit,Karenga,Northern Region
Lokori,Karenga,Northern Region
Napore Karenga,Karenga,Northern Region
Sangar,Karenga,Northern Region
Central Division,Kitgum,Northern Region
Chua,Kitgum,Northern Region
Kitgum Matidi,Kitgum,Northern Region
Kitgum Municipality,Kitgum,Northern Region
Labongo Akwang,Kitgum,Northern Region
Labongo Amida,Kitgum,Northern Region
Labongo Layamo,Kitgum,Northern Region
Lagoro,Kitgum,Northern Region
Mucwini,Kitgum,Northern Region
Namokora,Kitgum,Northern Region
Omiya Anyima,Kitgum,Northern Region
Orom,Kitgum,Northern Region
Pager Division,Kitgum,Northern Region
Pandwong Division,Kitgum,Northern Region
Abuku,Koboko,Northern Region
Dranya,Koboko,Northern Region
Koboko,Koboko,Northern Region
Koboko Municipality,Koboko,Northern Region
Kuluba,Koboko,Northern Region
Lobule,Koboko,Northern Region
Ludara,Koboko,Northern Region
Midia,Koboko,Northern Region
Northern Divison,Koboko,Northern Region
Southern Division,Koboko,Northern Region
Western Division,Koboko,Northern Region
Aboke,Kole,Northern Region
Akalo,Kole,Northern Region
Alito,Kole,Northern Region
Ayer,Kole,Northern Region
Bala,Kole,Northern Region
Kole,Kole,Northern Region
Kole Town Council,Kole,Northern Region
Okwerodot,Kole,Northern Region
Central Division,Kotido,Northern Region
Jie,Kotido,Northern Region
Kacheri,Kotido,Northern Region
Kotido,Kotido,Northern Region
Kotido Municipality,Kotido,Northern Region
Nakapelimoru,Kotido,Northern Region
North Division,Kotido,Northern Region
Panyangara,Kotido,Northern Region
Rengen,Kotido,Northern Region
South Division,Kotido,Northern Region
West Division,Kotido,Northern Region
Abongomola,Kwania,Northern Region
Aduku,Kwania,Northern Region
Aduku Town Council,Kwania,Northern Region
Chawente,Kwania,Northern Region
Inomo,Kwania,Northern Region
Kwania,Kwania,Northern Region
Nambieso,Kwania,Northern Region
Agoro,Lamwo,Northern Region
Lamwo,Lamwo,Northern Region
Lamwo Town Council,Lamwo,Northern Region
Lokung,Lamwo,Northern Region
Madi Opei,Lamwo,Northern Region
Padibe East,Lamwo,Northern Region
Padibe Town Council,Lamwo,Northern Region
Padibe West,Lamwo,Northern Region
Palabek Gem,Lamwo,Northern Region
Palabek Kal,Lamwo,Northern Region
Palabek Ogili,Lamwo,Northern Region
Paloga,Lamwo,Northern Region
Adekokwok,Lira,Northern Region
Adyel Division,Lira,Northern Region
Agali,Lira,Northern Region
Agweng,Lira,Northern Region
Amach,Lira,Northern Region
Aromo,Lira,Northern Region
Barr,Lira,Northern Region
Central Division,Lira,Northern Region
Erute,Lira,Northern Region
Lira,Lira,Northern Region
Lira Municipality,Lira,Northern Region
Ngetta,Lira,Northern Region
Ogur,Lira,Northern Region
Ojwina Division,Lira,Northern Region
Railway Division,Lira,Northern Region
Anyiribu,Madi Okollo,Northern Region
Ewanga,Madi Okollo,Northern Region
Inde Town Council,Madi Okollo,Northern Region
Madi Okollo,Madi Okollo,Northern Region
Offaka,Madi Okollo,Northern Region
Ogoko,Madi Okollo,Northern Region
Okollo,Madi Okollo,Northern Region
Pawor,Madi Okollo,Northern Region
Rhino Camp,Madi Okollo,Northern Region
Rigbo,Madi Okollo,Northern Region
Uleppi,Madi Okollo,Northern Region
Kijomoro,Maracha,Northern Region
Maracha,Maracha,Northern Region
Maracha Town Council,Maracha,Northern Region
Nyadri,Maracha,Northern Region
Oleba,Maracha,Northern Region
Oluffe,Maracha,Northern Region
Oluvu,Maracha,Northern Region
Tara,Maracha,Northern Region
Yivu,Maracha,Northern Region
Katikekile,Moroto,Northern Region
Matheniko,Moroto,Northern Region
Moroto Municipality,Moroto,Northern Region
Nadunget,Moroto,Northern Region
Northern Division,Moroto,Northern Region
Rupa,Moroto,Northern Region
Southern Divison,Moroto,Northern Region
Tapac,Moroto,Northern Region
Difule,Moyo,Northern Region
Laropi,Moyo,Northern Region
Lefori,Moyo,Northern Region
Metu,Moyo,Northern Region
Moyo,Moyo,Northern Region
Moyo Town Council,Moyo,Northern Region
Lolachat,Nabilatuk,Northern Region
Lorengedwat,Nabilatuk,Northern Region
Nabilatuk,Nabilatuk,Northern Region
Nabilatuk Town Council,Nabilatuk,Northern Region
Pian,Nabilatuk,Northern Region
Chekwi,Nakapiripirit,Northern Region
Kakomongole,Nakapiripirit,Northern Region
Loregae,Nakapiripirit,Northern Region
Moruita,Nakapiripirit,Northern Region
Nakapiripirit Town Council,Nakapiripirit,Northern Region
Namalu,Nakapiripirit,Northern Region
Bokora,Napak,Northern Region
Iriiri,Napak,Northern Region
Lokopo,Napak,Northern Region
Lopeei,Napak,Northern Region
Lorengecora,Napak,Northern Region
Lotome,Napak,Northern Region
Matany,Napak,Northern Region
Napak Town Council,Napak,Northern Region
Ngoleriet,Napak,Northern Region
Abindu Division,Nebbi,Northern Region
Akworo,Nebbi,Northern Region
Atego,Nebbi,Northern Region
Central Division,Nebbi,Northern Region
Erussi,Nebbi,Northern Region
Kucwiny,Nebbi,Northern Region
Ndhew,Nebbi,Northern Region
Nebbi,Nebbi,Northern Region
Nebbi Municipality,Nebbi,Northern Region
Nyaravur,Nebbi,Northern Region
Padyere,Nebbi,Northern Region
Parombo,Nebbi,Northern Region
Thatha Division,Nebbi,Northern Region
Alero,Nwoya,Northern Region
Anaka Payira,Nwoya,Northern Region
Anaka Town Council,Nwoya,Northern Region
Got Apwoyo,Nwoya,Northern Region
Koch-Goma,Nwoya,Northern Region
Lii,Nwoya,Northern Region
Lungulu,Nwoya,Northern Region
Nwoya,Nwoya,Northern Region
Purongo,Nwoya,Northern Region
Aliba,Obongi,Northern Region
Gimara,Obongi,Northern Region
Itula,Obongi,Northern Region
Obongi,Obongi,Northern Region
Obongi Town Council,Obongi,Northern Region
Bobi,Omoro,Northern Region
Koro,Omoro,Northern Region
Lakwana,Omoro,Northern Region
Lalogi,Omoro,Northern Region
Odek,Omoro,Northern Region
Omoro,Omoro,Northern Region
Omoro Town Council,Omoro,Northern Region
Ongako,Omoro,Northern Region
Adwari,Otuke,Northern Region
Alango,Otuke,Northern Region
Ogor,Otuke,Northern Region
Ogwette,Otuke,Northern Region
Okwang,Otuke,Northern Region
Olilim,Otuke,Northern Region
Orum,Otuke,Northern Region
Otuke,Otuke,Northern Region
Otuke Town Council,Otuke,Northern Region
Aber,Oyam,Northern Region
Abok,Oyam,Northern Region
Acaba,Oyam,Northern Region
Aleka,Oyam,Northern Region
Iceme,Oyam,Northern Region
Kamdini,Oyam,Northern Region
Loro,Oyam,Northern Region
Minakulu,Oyam,Northern Region
Myene,Oyam,Northern Region
Ngai,Oyam,Northern Region
Otwal,Oyam,Northern Region
Oyam,Oyam,Northern Region
Oyam Town Council,Oyam,Northern Region
Acholibur,Pader,Northern Region
Angagura,Pader,Northern Region
Aruu,Pader,Northern Region
Atanga,Pader,Northern Region
Awere,Pader,Northern Region
Laguti,Pader,Northern Region
Lapul,Pader,Northern Region
Latanya,Pader,Northern Region
Ogom,Pader,Northern Region
Pader,Pader,Northern Region
Pader Town Council,Pader,Northern Region
Pajule,Pader,Northern Region
Puranga,Pader,Northern Region
Alwi,Pakwach,Northern Region
Jonam,Pakwach,Northern Region
Pakwach,Pakwach,Northern Region
Pakwach Town Council,Pakwach,Northern Region
Panyango,Pakwach,Northern Region
Panyimur,Pakwach,Northern Region
Wadelai,Pakwach,Northern Region
Apo,Yumbe,Northern Region
Aringa,Yumbe,Northern Region
Ariwa,Yumbe,Northern Region
Drajini,Yumbe,Northern Region
Kei,Yumbe,Northern Region
Kerwa,Yumbe,Northern Region
Kochi,Yumbe,Northern Region
Kululu,Yumbe,Northern Region
Kuru,Yumbe,Northern Region
Lodonga,Yumbe,Northern Region
Midigo,Yumbe,Northern Region
Odravu,Yumbe,Northern Region
Romogi,Yumbe,Northern Region
Yumbe Town Council,Yumbe,Northern Region
Abanga,Zombo,Northern Region
Akaa,Zombo,Northern Region
Alangi,Zombo,Northern Region
Athuma,Zombo,Northern Region
Atyak,Zombo,Northern Region
Jangokoro,Zombo,Northern Region
Kango,Zombo,Northern Region
Nyapea,Zombo,Northern Region
Okoro,Zombo,Northern Region
Paidha,Zombo,Northern Region
Paidha Town Council,Zombo,Northern Region
Warr,Zombo,Northern Region
Zeu,Zombo,Northern Region
Zombo Town Council,Zombo,Northern Region
Bihanga,Buhweju,Western Region
Bitsya,Buhweju,Western Region
Buhweju,Buhweju,Western Region
Burere,Buhweju,Western Region
Engaju,Buhweju,Western Region
Karungu,Buhweju,Western Region
Nsiika Town Council,Buhweju,Western Region
Nyakishana,Buhweju,Western Region
Rwengwe,Buhweju,Western Region
Biiso,Buliisa,Western Region
Buliisa,Buliisa,Western Region
Buliisa Town Council,Buliisa,Western Region
Butiaba,Buliisa,Western Region
Kigwera,Buliisa,Western Region
Kihungya,Buliisa,Western Region
Ngwedo,Buliisa,Western Region
Bubandi,Bundibugyo,Western Region
Bubukwanga,Bundibugyo,Western Region
Buganikire Town Councili,Bundibugyo,Western Region
Bughendera,Bundibugyo,Western Region
Bukonzo,Bundibugyo,Western Region
Bundibugyo Town Council,Bundibugyo,Western Region
Bundingoma,Bundibugyo,Western Region
Burondo,Bundibugyo,Western Region
Busaru,Bundibugyo,Western Region
Busunga Twon Council,Bundibugyo,Western Region
Butama-Mitunda Town Council,Bundibugyo,Western Region
Bwamba,Bundibugyo,Western Region
Harugale,Bundibugyo,Western Region
Kagugu,Bundibugyo,Western Region
Kasitu,Bundibugyo,Western Region
Kirumya,Bundibugyo,Western Region
Kisubba,Bundibugyo,Western Region
Mabere,Bundibugyo,Western Region
Mirambi,Bundibugyo,Western Region
Nduguto,Bundibugyo,Western Region
Ngamba,Bundibugyo,Western Region
Ntandi Town Council,Bundibugyo,Western Region
Ntotoro,Bundibugyo,Western Region
Nyahuka Town Council,Bundibugyo,Western Region
Sindila,Bundibugyo,Western Region
Tokwe,Bundibugyo,Western Region
Buheesi,Bunyangabu,Western Region
Buheesi Town Council,Bunyangabu,Western Region
Bunyangabu,Bunyangabu,Western Region
Kabonero,Bunyangabu,Western Region
Katebwa,Bunyangabu,Western Region
Kibiito,Bunyangabu,Western Region
Kibiito Town Council,Bunyangabu,Western Region
Kisomoro,Bunyangabu,Western Region
Kiyombya,Bunyangabu,Western Region
Kyamukube Town Council,Bunyangabu,Western Region
Rubona Town Council,Bunyangabu,Western Region
Rwimi,Bunyangabu,Western Region
Rwimi Town Council,Bunyangabu,Western Region
Bitooma,Bushenyi,Western Region
Bumbaire,Bushenyi,Western Region
Bushenyi Municipality,Bushenyi,Western Region
Central Divison,Bushenyi,Western Region
Ibaare,Bushenyi,Western Region
Igara,Bushenyi,Western Region
Ishaka Divison,Bushenyi,Western Region
Kakanju,Bushenyi,Western Region
Kyabugimbi,Bushenyi,Western Region
Kyamuhunga,Bushenyi,Western Region
Kyamuhunga Town Council,Bushenyi,Western Region
Kyeizooba,Bushenyi,Western Region
Nyabubare,Bushenyi,Western Region
Nyakabirizi Division,Bushenyi,Western Region
Ruhumuro,Bushenyi,Western Region
Rwentuha Town Council,Bushenyi,Western Region
Bugahya,Hoima,Western Region
Buhanika,Hoima,Western Region
Bujumbura Division,Hoima,Western Region
Buseruka,Hoima,Western Region
Busiisi Division,Hoima,Western Region
Hoima Municipality,Hoima,Western Region
Kahoora Divison,Hoima,Western Region
Kigorobya,Hoima,Western Region
Kigorobya Town Council,Hoima,Western Region
Kitoba,Hoima,Western Region
Kyabigambire,Hoima,Western Region
Mparo Divison,Hoima,Western Region
Bisheshe Division,Ibanda,Western Region
Bufunda Division,Ibanda,Western Region
Ibanda,Ibanda,Western Region
Ibanda Municipality,Ibanda,Western Region
Igorora Town Council,Ibanda,Western Region
Ishongororo,Ibanda,Western Region
Ishongororo Town Council,Ibanda,Western Region
Kagango Division,Ibanda,Western Region
Keihangara,Ibanda,Western Region
Kicuzi,Ibanda,Western Region
Kijongo,Ibanda,Western Region
Kikyenkye,Ibanda,Western Region
Nyabuhikye,Ibanda,Western Region
Nyamarebe,Ibanda,Western Region
Rukiri,Ibanda,Western Region
Rushango Town Council,Ibanda,Western Region
Rwenkoba Town Council,Ibanda,Western Region
Birere,Isingiro,Western Region
Bukanga,Isingiro,Western Region
Endiinzi,Isingiro,Western Region
Endiinzi Town Council,Isingiro,Western Region
Isingiro,Isingiro,Western Region
Isingiro Town Council,Isingiro,Western Region
Kaberebere Town Council,Isingiro,Western Region
Kabingo,Isingiro,Western Region
Kabuyanda,Isingiro,Western Region
Kabuyanda Town Council,Isingiro,Western Region
Kakamba,Isingiro,Western Region
Kashumba,Isingiro,Western Region
Kikagate,Isingiro,Western Region
Masha,Isingiro,Western Region
Mbaare,Isingiro,Western Region
Ngarama,Isingiro,Western Region
Nyakitunda,Isingiro,Western Region
Nyamuyanja,Isingiro,Western Region
Ruborogota,Isingiro,Western Region
Rugaaga,Isingiro,Western Region
Rushasha,Isingiro,Western Region
Buhara,Kabale,Western Region
Butanda,Kabale,Western Region
Central Division,Kabale,Western Region
Kabale Municipality,Kabale,Western Region
Kaharo,Kabale,Western Region
Kamuganguzi,Kabale,Western Region
Katuna Town Council,Kabale,Western Region
Kitumba,Kabale,Western Region
Kyanamira,Kabale,Western Region
Maziba,Kabale,Western Region
Ndorwa,Kabale,Western Region
Northern Division,Kabale,Western Region
Rubaya,Kabale,Western Region
Ryakirimira Town Council,Kabale,Western Region
Southern Division,Kabale,Western Region
Bukuuku,Kabarole,Western Region
Burahya,Kabarole,Western Region
Busoro,Kabarole,Western Region
Eastern Division,Kabarole,Western Region
Fort Portal Municipality,Kabarole,Western Region
Hakibaale,Kabarole,Western Region
Harugogo,Kabarole,Western Region
Karago Town Council,Kabarole,Western Region
Karambi,Kabarole,Western Region
Karangura,Kabarole,Western Region
Kasenda,Kabarole,Western Region
Kicwamba,Kabarole,Western Region
Kijura Town Council,Kabarole,Western Region
Kiko Town Council,Kabarole,Western Region
Mabende,Kabarole,Western Region
Mugusu,Kabarole,Western Region
Mugusu Town Council,Kabarole,Western Region
Ruteete,Kabarole,Western Region
Southern Division,Kabarole,Western Region
Western Division,Kabarole,Western Region
Burora,Kagadi,Western Region
Buyaga,Kagadi,Western Region
Bwikara,Kagadi,Western Region
Kabamba,Kagadi,Western Region
Kagadi,Kagadi,Western Region
Kagadi Town Council,Kagadi,Western Region
Kiryanga,Kagadi,Western Region
Kyakabadiima,Kagadi,Western Region
Kyanaisoke,Kagadi,Western Region
Kyaterekera,Kagadi,Western Region
Kyenzige,Kagadi,Western Region
Mabaale,Kagadi,Western Region
Mabaale Town Council,Kagadi,Western Region
Mpeefu,Kagadi,Western Region
Muhorro,Kagadi,Western Region
Muhorro Town Council,Kagadi,Western Region
Ndaiga,Kagadi,Western Region
Paacwa,Kagadi,Western Region
Rugashari,Kagadi,Western Region
Ruteete,Kagadi,Western Region
Birembo,Kakumiro,Western Region
Bugangaizi,Kakumiro,Western Region
Bwanswa,Kakumiro,Western Region
Kakindo,Kakumiro,Western Region
Kakumiro Town Council,Kakumiro,Western Region
Kasambya,Kakumiro,Western Region
Katikara,Kakumiro,Western Region
Kijangi,Kakumiro,Western Region
Kikwaya,Kakumiro,Western Region
Kisiita,Kakumiro,Western Region
Kisiita Town Council,Kakumiro,Western Region
Kitaihuka,Kakumiro,Western Region
Mpasaana,Kakumiro,Western Region
Nalweyo,Kakumiro,Western Region
Nkooko,Kakumiro,Western Region
Biguli,Kamwenge,Western Region
Bihanga,Kamwenge,Western Region
Busiriba,Kamwenge,Western Region
Bwizi,Kamwenge,Western Region
Kabambiro,Kamwenge,Western Region
Kahunge,Kamwenge,Western Region
Kahunge Town Council,Kamwenge,Western Region
Kamwenge,Kamwenge,Western Region
Kamwenge Town Council,Kamwenge,Western Region
Kibale,Kamwenge,Western Region
Nkoma,Kamwenge,Western Region
Nkoma Town Council,Kamwenge,Western Region
Butogota Town Council,Kanungu,Western Region
Kambuga,Kanungu,Western Region
Kambuga Town Council,Kanungu,Western Region
Kanungu Town Council,Kanungu,Western Region
Kanyantorogo,Kanungu,Western Region
Katete,Kanungu,Western Region
Kayonza,Kanungu,Western Region
Kihihi,Kanungu,Western Region
Kihiihi Town Council,Kanungu,Western Region
Kinaaba,Kanungu,Western Region
Kinkizi,Kanungu,Western Region
Kirima,Kanungu,Western Region
Mpungu,Kanungu,Western Region
Nyakinoni,Kanungu,Western Region
Nyamirama,Kanungu,Western Region
Nyanga,Kanungu,Western Region
Rugyeyo,Kanungu,Western Region
Rutenga,Kanungu,Western Region
Bugoye,Kasese,Western Region
Buhuhira,Kasese,Western Region
Bukonjo,Kasese,Western Region
Bulembia Division,Kasese,Western Region
Busongora,Kasese,Western Region
Bwera,Kasese,Western Region
Bwesumbu,Kasese,Western Region
Central Division,Kasese,Western Region
Hima Town Council,Kasese,Western Region
Ihandiro,Kasese,Western Region
Isango,Kasese,Western Region
Karambi,Kasese,Western Region
Karusandara,Kasese,Western Region
Kasese Municipality,Kasese,Western Region
Katwe Kabatoro Town Council,Kasese,Western Region
Kilembe,Kasese,Western Region
Kinyamasrke Town Council,Kasese,Western Region
Kisinga,Kasese,Western Region
Kisinga Town Council,Kasese,Western Region
Kitholhu,Kasese,Western Region
Kitswamba,Kasese,Western Region
Kyabarungira,Kasese,Western Region
Kyarumba,Kasese,Western Region
Kyondo,Kasese,Western Region
Lake Katwe,Kasese,Western Region
Mahango,Kasese,Western Region
Maliba,Kasese,Western Region
Mpondwe-Lhubiriha,Kasese,Western Region
Muhokya,Kasese,Western Region
Munkunyu,Kasese,Western Region
Nyakatonzi,Kasese,Western Region
Nyakiyumbu,Kasese,Western Region
Nyamwamba Division,Kasese,Western Region
Rugendabara,Kasese,Western Region
Rukoki,Kasese,Western Region
Buremba,Kazo,Western Region
Burunga,Kazo,Western Region
Engari,Kazo,Western Region
Kanoni,Kazo,Western Region
Kazo,Kazo,Western Region
Kazo Town Council,Kazo,Western Region
Nkungu,Kazo,Western Region
Rwemikoma,Kazo,Western Region
Bubango,Kibaale,Western Region
Buyanja,Kibaale,Western Region
Bwamiramira,Kibaale,Western Region
Kabasekende,Kibaale,Western Region
Karama,Kibaale,Western Region
Kasimbi,Kibaale,Western Region
Kibaale Town Council,Kibaale,Western Region
Kyebando,Kibaale,Western Region
Matale,Kibaale,Western Region
Mugarama,Kibaale,Western Region
Nyamarunda,Kibaale,Western Region
Nyamarwa,Kibaale,Western Region
Bugambe,Kikuube,Western Region
Buhaguzi,Kikuube,Western Region
Buhimba,Kikuube,Western Region
Buhimba Town Council,Kikuube,Western Region
Kabwoya,Kikuube,Western Region
Kikuube Town Council,Kikuube,Western Region
Kiziranfumbi,Kikuube,Western Region
Kyangwali,Kikuube,Western Region
Kanyaryeru,Kiruhura,Western Region
Kashongi,Kiruhura,Western Region
Kenshunga,Kiruhura,Western Region
Kikaatsi,Kiruhura,Western Region
Kinoni,Kiruhura,Western Region
Kiruhura Town Council,Kiruhura,Western Region
Kitura,Kiruhura,Western Region
Nyabushozi,Kiruhura,Western Region
Nyakashashara,Kiruhura,Western Region
Sanga,Kiruhura,Western Region
Sanga Town Council,Kiruhura,Western Region
Bweyale Town Council,Kiryandongo,Western Region
Kibanda,Kiryandongo,Western Region
Kigumba,Kiryandongo,Western Region
Kigumba Town Council,Kiryandongo,Western Region
Kiryandongo,Kiryandongo,Western Region
Kiryandongo Town Council,Kiryandongo,Western Region
Masindi Port,Kiryandongo,Western Region
Mutunda,Kiryandongo,Western Region
Bufumbira,Kisoro,Western Region
Bukimbiri,Kisoro,Western Region
Busanza,Kisoro,Western Region
Central,Kisoro,Western Region
Chahi,Kisoro,Western Region
Kanaba,Kisoro,Western Region
Kirundo,Kisoro,Western Region
Kisoro Municipality,Kisoro,Western Region
Muramba,Kisoro,Western Region
Murora,Kisoro,Western Region
Northern,Kisoro,Western Region
Nyabwishenya,Kisoro,Western Region
Nyakabande,Kisoro,Western Region
Nyakinama,Kisoro,Western Region
Nyarubuye,Kisoro,Western Region
Nyarusiza,Kisoro,Western Region
Nyundo,Kisoro,Western Region
Rubuguri Town Council,Kisoro,Western Region
Southern,Kisoro,Western Region
Buhanda,Kitagwenda,Western Region
Kanara,Kitagwenda,Western Region
Kicheche,Kitagwenda,Western Region
Kitagwenda,Kitagwenda,Western Region
Mahyoro,Kitagwenda,Western Region
Ntara,Kitagwenda,Western Region
Ntara Kichwamba Town Council,Kitagwenda,Western Region
Nyabbani,Kitagwenda,Western Region
Hapuuyo,Kyegegwa,Western Region
Kabweza Kyegegwa,Kyegegwa,Western Region
Kakabara,Kyegegwa,Western Region
Kasule,Kyegegwa,Western Region
Kigambo,Kyegegwa,Western Region
Kyaka,Kyegegwa,Western Region
Kyegegwa Town Council,Kyegegwa,Western Region
Mpara,Kyegegwa,Western Region
Ruyonza,Kyegegwa,Western Region
Rwentuha,Kyegegwa,Western Region
Bufunjo,Kyenjojo,Western Region
Bugaaki,Kyenjojo,Western Region
Butiiti,Kyenjojo,Western Region
Butunduzi,Kyenjojo,Western Region
Butunduzi Town Council,Kyenjojo,Western Region
Kanyegaramire,Kyenjojo,Western Region
Katooke,Kyenjojo,Western Region
Katooke Town Council,Kyenjojo,Western Region
Kigaraale,Kyenjojo,Western Region
Kihuura,Kyenjojo,Western Region
Kisojo,Kyenjojo,Western Region
Kyamutunzi Town Council,Kyenjojo,Western Region
Kyarusozi,Kyenjojo,Western Region
Kyarusozi Town Council,Kyenjojo,Western Region
Kyembogo,Kyenjojo,Western Region
Kyenjojo Town Council,Kyenjojo,Western Region
Mwenge,Kyenjojo,Western Region
Nyabiringo,Kyenjojo,Western Region
Nyabuharwa,Kyenjojo,Western Region
Nyankwanzi,Kyenjojo,Western Region
Nyantungo,Kyenjojo,Western Region
Budongo,Masindi,Western Region
Bujenje,Masindi,Western Region
Buruuli,Masindi,Western Region
Bwijanga,Masindi,Western Region
Central Division,Masindi,Western Region
Karujubu Division,Masindi,Western Region
Kigulya Division,Masindi,Western Region
Kimengo,Masindi,Western Region
Masindi Municipality,Masindi,Western Region
Miirya,Masindi,Western Region
Nyangahya Division,Masindi,Western Region
Pakanyi,Masindi,Western Region
Biharwe Division,Mbarara,Western Region
Bubaare,Mbarara,Western Region
Bukiro,Mbarara,Western Region
Kagongi,Mbarara,Western Region
Kakiika Division,Mbarara,Western Region
Kakoba Division,Mbarara,Western Region
Kamukuzi Division,Mbarara,Western Region
Kashare,Mbarara,Western Region
Kashari,Mbarara,Western Region
Mbarara Municipality,Mbarara,Western Region
Nyakayojo Division,Mbarara,Western Region
Nyamitanga Division,Mbarara,Western Region
Rubaya,Mbarara,Western Region
Rubindi,Mbarara,Western Region
Rwanyamahembe,Mbarara,Western Region
Bitereko,Mitooma,Western Region
Kabira,Mitooma,Western Region
Kanyabwanga,Mitooma,Western Region
Kashenshero,Mitooma,Western Region
Kashenshero Town Council,Mitooma,Western Region
Katenga,Mitooma,Western Region
Kiyanga,Mitooma,Western Region
Mayanga,Mitooma,Western Region
Mitooma,Mitooma,Western Region
Mitooma Town Council,Mitooma,Western Region
Mutara,Mitooma,Western Region
Ruhinda,Mitooma,Western Region
Rurehe,Mitooma,Western Region
Butungama,Ntoroko,Western Region
Bweramule,Ntoroko,Western Region
Kanara,Ntoroko,Western Region
Kanara Town Council,Ntoroko,Western Region
Karugutu,Ntoroko,Western Region
Karugutu Town Council,Ntoroko,Western Region
Kibuuku Town Council,Ntoroko,Western Region
Nombe,Ntoroko,Western Region
Ntoroko,Ntoroko,Western Region
Rwebisengo,Ntoroko,Western Region
Rwebisengo Town Council,Ntoroko,Western Region
Bwongyera,Ntungamo,Western Region
Central Division,Ntungamo,Western Region
Eastern Division,Ntungamo,Western Region
Ihunga,Ntungamo,Western Region
Itojo,Ntungamo,Western Region
Kafunjo-Mirama Town Council,Ntungamo,Western Region
Kagarama Town Council,Ntungamo,Western Region
Kajara,Ntungamo,Western Region
Kayonza,Ntungamo,Western Region
Kibatsi,Ntungamo,Western Region
Kitwe Town Council,Ntungamo,Western Region
Ngoma,Ntungamo,Western Region
Ntungamo,Ntungamo,Western Region
Ntungamo Municipality,Ntungamo,Western Region
Nyabihoko,Ntungamo,Western Region
Nyakyera,Ntungamo,Western Region
Nyamunuka Town Council,Ntungamo,Western Region
Rubaare,Ntungamo,Western Region
Rubaare Town Council,Ntungamo,Western Region
Rugarama,Ntungamo,Western Region
Ruhaama,Ntungamo,Western Region
Rukoni East,Ntungamo,Western Region
Rukoni West,Ntungamo,Western Region
Rushenyi,Ntungamo,Western Region
Rwashamaire Town Council,Ntungamo,Western Region
Rweikiniro,Ntungamo,Western Region
Western Division,Ntungamo,Western Region
Bubaare,Rubanda,Western Region
Bufundi,Rubanda,Western Region
Hamurwa,Rubanda,Western Region
Hamurwa Town Council,Rubanda,Western Region
Ikumba,Rubanda,Western Region
Muko,Rubanda,Western Region
Nyamweru,Rubanda,Western Region
Rubanda,Rubanda,Western Region
Rubanda Town Council,Rubanda,Western Region
Ruhija,Rubanda,Western Region
Bunyaruguru,Rubirizi,Western Region
Katanda,Rubirizi,Western Region
Katerera,Rubirizi,Western Region
Katerera Town Council,Rubirizi,Western Region
Katunguru,Rubirizi,Western Region
Kichwamba,Rubirizi,Western Region
Kirugu,Rubirizi,Western Region
Kyabakara,Rubirizi,Western Region
Magambo,Rubirizi,Western Region
Rubiriziri Town Council,Rubirizi,Western Region
Rutoto,Rubirizi,Western Region
Ryeru,Rubirizi,Western Region
Bukinda,Rukiga,Western Region
Kamwezi,Rukiga,Western Region
Kashambya,Rukiga,Western Region
Mparo Twon Council,Rukiga,Western Region
Muhanga Town Council,Rukiga,Western Region
Rukiga,Rukiga,Western Region
Rwamucucu,Rukiga,Western Region
Bugangari,Rukungiri,Western Region
Buhunga,Rukungiri,Western Region
Bujumbura,Rukungiri,Western Region
Bukurungu Town Council,Rukungiri,Western Region
Buyanja,Rukungiri,Western Region
Buyanja Town Council,Rukungiri,Western Region
Bwambara,Rukungiri,Western Region
Eastern Divison,Rukungiri,Western Region
Kebisoni,Rukungiri,Western Region
Kebisoni Town Council,Rukungiri,Western Region
Nyakagyeme,Rukungiri,Western Region
Nyakishenyi,Rukungiri,Western Region
Nyarushanje,Rukungiri,Western Region
Rubabo,Rukungiri,Western Region
Ruhinda,Rukungiri,Western Region
Rukungiri Municipality,Rukungiri,Western Region
Rwerere Town Council,Rukungiri,Western Region
Southern Division,Rukungiri,Western Region
Western Division,Rukungiri,Western Region
Bugamba,Rwampara,Western Region
Kinoni Town Council,Rwampara,Western Region
Mwizi,Rwampara,Western Region
Ndeija,Rwampara,Western Region
Rugando,Rwampara,Western Region
Rwampara,Rwampara,Western Region
Bugongi Town Council,Sheema,Western Region
Kabwohe Division,Sheema,Western Region
Kagango Division,Sheema,Western Region
Kakindo Town Council,Sheema,Western Region
Kasaana,Sheema,Western Region
Kashozi Division,Sheema,Western Region
Kigarama,Sheema,Western Region
Kitagata,Sheema,Western Region
Kitagata Town Council,Sheema,Western Region
Kyangyenyi,Sheema,Western Region
Masheruka,Sheema,Western Region
Masheruka Twon Council,Sheema,Western Region
Rugarama,Sheema,Western Region
Sheema,Sheema,Western Region
Sheema Central Division,Sheema,Western Region
Sheema Municipality,Sheema,Western Region
Shuuku Town Council,Sheema,Western Region
